<toc label="Hilos" topic="index.html">
  <topic label="Guía del programador" href="index.html">
    <topic label="Introducción" href="index.html#sec_intro">
      <topic label="Alcance" href="index.html#sec_scope"/>
      <topic label="Audiencia" href="index.html#sec_audience"/>
      <topic label="Créditos" href="index.html#sec_credits"/>
      <topic label="¿Dónde continuar?" href="index.html#sec_whereto"/>
    </topic>
    <topic label="Comienzo rápido" href="pag_quick_start.html"/>
  </topic>
  <topic label="Namespaces">
    <topic label="Lista de &apos;namespaces&apos;" href="namespaces.html">
      <topic label="nsThread" href="namespacens_thread.html"/>
    </topic>
    <topic label="Miembros del Namespace " href="namespacemembers.html">
      <topic label="Todo" href="namespacemembers.html"/>
      <topic label="&apos;typedefs&apos;" href="namespacemembers_type.html"/>
    </topic>
  </topic>
  <topic label="Clases">
    <topic label="Lista de clases" href="annotated.html">
      <topic label="nsThread" href="namespacens_thread.html">
        <topic label="TThread" href="classns_thread_1_1_t_thread.html">
          <topic label="TThread" href="classns_thread_1_1_t_thread_aaadffc196590885bfcb032fd40881a79.html#aaadffc196590885bfcb032fd40881a79"/>
          <topic label="~TThread" href="classns_thread_1_1_t_thread_a636a71ead14d42b3e85abaad36248858.html#a636a71ead14d42b3e85abaad36248858"/>
          <topic label="changeThreadFunction" href="classns_thread_1_1_t_thread_a77c5ca4e2eba02a7c38a8b4566174f39.html#a77c5ca4e2eba02a7c38a8b4566174f39"/>
          <topic label="create" href="classns_thread_1_1_t_thread_a8b521f5029bfc5fa298a2d967d1a1a88.html#a8b521f5029bfc5fa298a2d967d1a1a88"/>
          <topic label="handle" href="classns_thread_1_1_t_thread_a1169d480478bfe2889dcd24376954d5a.html#a1169d480478bfe2889dcd24376954d5a"/>
          <topic label="isCreated" href="classns_thread_1_1_t_thread_a592232985ccc4b1a446f7b77fec9600b.html#a592232985ccc4b1a446f7b77fec9600b"/>
          <topic label="isSuspended" href="classns_thread_1_1_t_thread_a890625010093f87ab4ae09e2098b6176.html#a890625010093f87ab4ae09e2098b6176"/>
          <topic label="isTerminated" href="classns_thread_1_1_t_thread_abfe0005f29adbb2297fe521b2c44e0c7.html#abfe0005f29adbb2297fe521b2c44e0c7"/>
          <topic label="mainThreadFunc" href="classns_thread_1_1_t_thread_ae7f495fbdf30d90e01151f2616355d76.html#ae7f495fbdf30d90e01151f2616355d76"/>
          <topic label="priority" href="classns_thread_1_1_t_thread_a67ae0b6f090c9048e6932ef4c5c56973.html#a67ae0b6f090c9048e6932ef4c5c56973"/>
          <topic label="priority" href="classns_thread_1_1_t_thread_ad1a46b5edd1788058d38a0521a4e4cdf.html#ad1a46b5edd1788058d38a0521a4e4cdf"/>
          <topic label="resume" href="classns_thread_1_1_t_thread_a1100a8ceb99e6494ebfafcfe8008f66f.html#a1100a8ceb99e6494ebfafcfe8008f66f"/>
          <topic label="suspend" href="classns_thread_1_1_t_thread_a2f5e5ea9377df6c561c353bff76c2be1.html#a2f5e5ea9377df6c561c353bff76c2be1"/>
          <topic label="terminate" href="classns_thread_1_1_t_thread_ae190f90850f5880e068870feb5b114f0.html#ae190f90850f5880e068870feb5b114f0"/>
          <topic label="translatePriority" href="classns_thread_1_1_t_thread_a5246588d1dba2d771da8be2c3c8a2486.html#a5246588d1dba2d771da8be2c3c8a2486"/>
          <topic label="waitFor" href="classns_thread_1_1_t_thread_ae94f2dc448dcb1642b8ca308e04aaabc.html#ae94f2dc448dcb1642b8ca308e04aaabc"/>
          <topic label="m_bCreated" href="classns_thread_1_1_t_thread_a5cc38cdcd04d9f5baf7b3fb561c36003.html#a5cc38cdcd04d9f5baf7b3fb561c36003"/>
          <topic label="m_bSuspend" href="classns_thread_1_1_t_thread_ab425382ceb802855d251eac5b25f9764.html#ab425382ceb802855d251eac5b25f9764"/>
          <topic label="m_bTerminate" href="classns_thread_1_1_t_thread_a90befe9525cd61dcf0ef95d945172004.html#a90befe9525cd61dcf0ef95d945172004"/>
          <topic label="m_fncUserFunc" href="classns_thread_1_1_t_thread_af80249dd7bc5bde340a8375f2c49e62c.html#af80249dd7bc5bde340a8375f2c49e62c"/>
          <topic label="m_thHandle" href="classns_thread_1_1_t_thread_ad4263b86c8fb48088378d23f163564d6.html#ad4263b86c8fb48088378d23f163564d6"/>
          <topic label="m_thrdID" href="classns_thread_1_1_t_thread_ac7157f6aee733b1f263d0493efe3a069.html#ac7157f6aee733b1f263d0493efe3a069"/>
          <topic label="m_tmMutex" href="classns_thread_1_1_t_thread_a5d8afbde067fc20b71be03fb27dd2301.html#a5d8afbde067fc20b71be03fb27dd2301"/>
          <topic label="m_vUserData" href="classns_thread_1_1_t_thread_aac20bc2950e5a2131318a3b1d40845c4.html#aac20bc2950e5a2131318a3b1d40845c4"/>
        </topic>
      </topic>
    </topic>
    <topic label="Índice de clases" href="classes.html"/>
    <topic label="Miembros de las clases" href="functions.html">
      <topic label="Todo" href="functions.html"/>
      <topic label="Funciones" href="functions_func.html"/>
      <topic label="Variables" href="functions_vars.html"/>
    </topic>
  </topic>
  <topic label="Archivos">
    <topic label="Lista de archivos" href="files.html">
      <topic label="threads.cpp" href="threads_8cpp.html"/>
      <topic label="threads.hpp" href="threads_8hpp.html">
        <topic label="TThread" href="classns_thread_1_1_t_thread.html">
          <topic label="TThread" href="classns_thread_1_1_t_thread_aaadffc196590885bfcb032fd40881a79.html#aaadffc196590885bfcb032fd40881a79"/>
          <topic label="~TThread" href="classns_thread_1_1_t_thread_a636a71ead14d42b3e85abaad36248858.html#a636a71ead14d42b3e85abaad36248858"/>
          <topic label="changeThreadFunction" href="classns_thread_1_1_t_thread_a77c5ca4e2eba02a7c38a8b4566174f39.html#a77c5ca4e2eba02a7c38a8b4566174f39"/>
          <topic label="create" href="classns_thread_1_1_t_thread_a8b521f5029bfc5fa298a2d967d1a1a88.html#a8b521f5029bfc5fa298a2d967d1a1a88"/>
          <topic label="handle" href="classns_thread_1_1_t_thread_a1169d480478bfe2889dcd24376954d5a.html#a1169d480478bfe2889dcd24376954d5a"/>
          <topic label="isCreated" href="classns_thread_1_1_t_thread_a592232985ccc4b1a446f7b77fec9600b.html#a592232985ccc4b1a446f7b77fec9600b"/>
          <topic label="isSuspended" href="classns_thread_1_1_t_thread_a890625010093f87ab4ae09e2098b6176.html#a890625010093f87ab4ae09e2098b6176"/>
          <topic label="isTerminated" href="classns_thread_1_1_t_thread_abfe0005f29adbb2297fe521b2c44e0c7.html#abfe0005f29adbb2297fe521b2c44e0c7"/>
          <topic label="mainThreadFunc" href="classns_thread_1_1_t_thread_ae7f495fbdf30d90e01151f2616355d76.html#ae7f495fbdf30d90e01151f2616355d76"/>
          <topic label="priority" href="classns_thread_1_1_t_thread_a67ae0b6f090c9048e6932ef4c5c56973.html#a67ae0b6f090c9048e6932ef4c5c56973"/>
          <topic label="priority" href="classns_thread_1_1_t_thread_ad1a46b5edd1788058d38a0521a4e4cdf.html#ad1a46b5edd1788058d38a0521a4e4cdf"/>
          <topic label="resume" href="classns_thread_1_1_t_thread_a1100a8ceb99e6494ebfafcfe8008f66f.html#a1100a8ceb99e6494ebfafcfe8008f66f"/>
          <topic label="suspend" href="classns_thread_1_1_t_thread_a2f5e5ea9377df6c561c353bff76c2be1.html#a2f5e5ea9377df6c561c353bff76c2be1"/>
          <topic label="terminate" href="classns_thread_1_1_t_thread_ae190f90850f5880e068870feb5b114f0.html#ae190f90850f5880e068870feb5b114f0"/>
          <topic label="translatePriority" href="classns_thread_1_1_t_thread_a5246588d1dba2d771da8be2c3c8a2486.html#a5246588d1dba2d771da8be2c3c8a2486"/>
          <topic label="waitFor" href="classns_thread_1_1_t_thread_ae94f2dc448dcb1642b8ca308e04aaabc.html#ae94f2dc448dcb1642b8ca308e04aaabc"/>
          <topic label="m_bCreated" href="classns_thread_1_1_t_thread_a5cc38cdcd04d9f5baf7b3fb561c36003.html#a5cc38cdcd04d9f5baf7b3fb561c36003"/>
          <topic label="m_bSuspend" href="classns_thread_1_1_t_thread_ab425382ceb802855d251eac5b25f9764.html#ab425382ceb802855d251eac5b25f9764"/>
          <topic label="m_bTerminate" href="classns_thread_1_1_t_thread_a90befe9525cd61dcf0ef95d945172004.html#a90befe9525cd61dcf0ef95d945172004"/>
          <topic label="m_fncUserFunc" href="classns_thread_1_1_t_thread_af80249dd7bc5bde340a8375f2c49e62c.html#af80249dd7bc5bde340a8375f2c49e62c"/>
          <topic label="m_thHandle" href="classns_thread_1_1_t_thread_ad4263b86c8fb48088378d23f163564d6.html#ad4263b86c8fb48088378d23f163564d6"/>
          <topic label="m_thrdID" href="classns_thread_1_1_t_thread_ac7157f6aee733b1f263d0493efe3a069.html#ac7157f6aee733b1f263d0493efe3a069"/>
          <topic label="m_tmMutex" href="classns_thread_1_1_t_thread_a5d8afbde067fc20b71be03fb27dd2301.html#a5d8afbde067fc20b71be03fb27dd2301"/>
          <topic label="m_vUserData" href="classns_thread_1_1_t_thread_aac20bc2950e5a2131318a3b1d40845c4.html#aac20bc2950e5a2131318a3b1d40845c4"/>
        </topic>
        <topic label="CREATE_MUTEX" href="threads_8hpp.html#a556d37694c4091685c36ec175154ffa4"/>
        <topic label="CRITICAL_SECTION" href="threads_8hpp.html#abe7c41b90ec46f9fbaaf4ab7c07ac27d"/>
        <topic label="DEL_CRITICAL_SECTION" href="threads_8hpp.html#a21ade07c78d3bbb4ef4279e4df6f435b"/>
        <topic label="DWORD" href="threads_8hpp.html#aa39b39d94407451a6ec0226479db68cf"/>
        <topic label="ENTER_CRITICAL_SECTION" href="threads_8hpp.html#a81bd8438bd53715b20f45ef6f7a1a8c1"/>
        <topic label="INI_CRITICAL_SECTION" href="threads_8hpp.html#a409c8d8cedaf90724188972f9a55e111"/>
        <topic label="LEAVE_CRITICAL_SECTION" href="threads_8hpp.html#a19f148d80beee6bbb9d01480915c08d7"/>
        <topic label="LOCK_MUTEX" href="threads_8hpp.html#aaa0b3d0467f844bb84dcaa097fb910ed"/>
        <topic label="MUTEX" href="threads_8hpp.html#a2cf3c22d8cacfe663a4eec13d0fb26ef"/>
        <topic label="RELEASE_MUTEX" href="threads_8hpp.html#ab1b4c0bd12ec636b7d62b5651de844f4"/>
        <topic label="thrd_handle" href="threads_8hpp.html#aef599ec6304dca8958c406860ce65731"/>
        <topic label="thrd_mutex" href="threads_8hpp.html#a044eedbcc5d2551ef2b223df516009ab"/>
        <topic label="THREAD_PRIORITY_ABOVE_NORMAL" href="threads_8hpp.html#aa38e29b911337a6e5c70282f136473fa"/>
        <topic label="THREAD_PRIORITY_BELOW_NORMAL" href="threads_8hpp.html#aff5dd15d0754df75650eb9c3bfa5f86f"/>
        <topic label="THREAD_PRIORITY_HIGHEST" href="threads_8hpp.html#aa4eee31cbe8319ba081015d3a1f4ccfc"/>
        <topic label="THREAD_PRIORITY_IDLE" href="threads_8hpp.html#aff75fcd47eeb1872daf68978351983fb"/>
        <topic label="THREAD_PRIORITY_LOWEST" href="threads_8hpp.html#a59ca83deecce4e6c8b6139e7eb2870b4"/>
        <topic label="THREAD_PRIORITY_NORMAL" href="threads_8hpp.html#af05a5c044382ba6895bcaad26325a693"/>
        <topic label="THREAD_PRIORITY_TIME_CRITICAL" href="threads_8hpp.html#acedb0b1a287d6062da3226e8cd2a99ea"/>
        <topic label="UNLOCK_MUTEX" href="threads_8hpp.html#a26f8ba4637a897384fc634ec8f075e54"/>
        <topic label="fncThread" href="threads_8hpp.html#a753de32e28f0bee53306ae26e4a626a8"/>
      </topic>
    </topic>
    <topic label="Miembros de los ficheros" href="globals.html">
      <topic label="Todo" href="globals.html"/>
      <topic label="&apos;defines&apos;" href="globals_defs.html"/>
    </topic>
  </topic>
  <topic label="Ejemplos" href="examples.html">
    <topic label="example.cpp" href="example_8cpp-example.html"/>
  </topic>
</toc>
